--------------------------------------------------------
--  文件已创建 - 星期日-九月-24-2017   
--------------------------------------------------------
--------------------------------------------------------
--  DDL for Table ADMINUSER
--------------------------------------------------------

  CREATE TABLE "SCOTT"."ADMINUSER" 
   (	"USERID" NUMBER, 
	"USERNAME" VARCHAR2(50 BYTE), 
	"PASSWORD" VARCHAR2(11 BYTE), 
	"USERTYPE" NUMBER(1,0), 
	"REGISTERTIME" VARCHAR2(50 BYTE), 
	"LASTLOGIN" VARCHAR2(50 BYTE)
   ) SEGMENT CREATION IMMEDIATE 
  PCTFREE 10 PCTUSED 40 INITRANS 1 MAXTRANS 255 NOCOMPRESS LOGGING
  STORAGE(INITIAL 65536 NEXT 1048576 MINEXTENTS 1 MAXEXTENTS 2147483645
  PCTINCREASE 0 FREELISTS 1 FREELIST GROUPS 1 BUFFER_POOL DEFAULT FLASH_CACHE DEFAULT CELL_FLASH_CACHE DEFAULT)
  TABLESPACE "USERS" ;
--------------------------------------------------------
--  DDL for Table ALBUM
--------------------------------------------------------

  CREATE TABLE "SCOTT"."ALBUM" 
   (	"ALBUMID" NUMBER, 
	"ALBUMTYPEID" NUMBER, 
	"ALBUMNAME" VARCHAR2(50 BYTE), 
	"ALBUMDESC" VARCHAR2(1000 BYTE), 
	"ALBUMTIME" VARCHAR2(50 BYTE), 
	"USERID" NUMBER, 
	"ALBUMCOVER" VARCHAR2(50 BYTE)
   ) SEGMENT CREATION IMMEDIATE 
  PCTFREE 10 PCTUSED 40 INITRANS 1 MAXTRANS 255 NOCOMPRESS LOGGING
  STORAGE(INITIAL 65536 NEXT 1048576 MINEXTENTS 1 MAXEXTENTS 2147483645
  PCTINCREASE 0 FREELISTS 1 FREELIST GROUPS 1 BUFFER_POOL DEFAULT FLASH_CACHE DEFAULT CELL_FLASH_CACHE DEFAULT)
  TABLESPACE "USERS" ;
--------------------------------------------------------
--  DDL for Table ALBUMTYPE
--------------------------------------------------------

  CREATE TABLE "SCOTT"."ALBUMTYPE" 
   (	"ALBUMTYPEID" NUMBER, 
	"ALBUMTYPE" VARCHAR2(100 BYTE)
   ) SEGMENT CREATION IMMEDIATE 
  PCTFREE 10 PCTUSED 40 INITRANS 1 MAXTRANS 255 NOCOMPRESS LOGGING
  STORAGE(INITIAL 65536 NEXT 1048576 MINEXTENTS 1 MAXEXTENTS 2147483645
  PCTINCREASE 0 FREELISTS 1 FREELIST GROUPS 1 BUFFER_POOL DEFAULT FLASH_CACHE DEFAULT CELL_FLASH_CACHE DEFAULT)
  TABLESPACE "USERS" ;
--------------------------------------------------------
--  DDL for Table NEWS
--------------------------------------------------------

  CREATE TABLE "SCOTT"."NEWS" 
   (	"NEWSID" NUMBER, 
	"NEWSTITLE" VARCHAR2(50 BYTE), 
	"NEWSTYPE" NUMBER, 
	"NEWSTIME" VARCHAR2(50 BYTE), 
	"CHARGE" NUMBER, 
	"CLICKNUMBER" NUMBER DEFAULT 0, 
	"ALBUMID" NUMBER, 
	"NEWSTEXT" LONG
   ) SEGMENT CREATION IMMEDIATE 
  PCTFREE 10 PCTUSED 40 INITRANS 1 MAXTRANS 255 NOCOMPRESS LOGGING
  STORAGE(INITIAL 65536 NEXT 1048576 MINEXTENTS 1 MAXEXTENTS 2147483645
  PCTINCREASE 0 FREELISTS 1 FREELIST GROUPS 1 BUFFER_POOL DEFAULT FLASH_CACHE DEFAULT CELL_FLASH_CACHE DEFAULT)
  TABLESPACE "USERS" ;
--------------------------------------------------------
--  DDL for Table NEWSALBUM
--------------------------------------------------------

  CREATE TABLE "SCOTT"."NEWSALBUM" 
   (	"ALBUMID" NUMBER, 
	"ALBUMNAME" VARCHAR2(50 BYTE), 
	"ALBUMDESC" VARCHAR2(1000 BYTE), 
	"ALBUMTIME" VARCHAR2(50 BYTE), 
	"USERID" NUMBER, 
	"NEWSID" NUMBER
   ) SEGMENT CREATION IMMEDIATE 
  PCTFREE 10 PCTUSED 40 INITRANS 1 MAXTRANS 255 NOCOMPRESS LOGGING
  STORAGE(INITIAL 65536 NEXT 1048576 MINEXTENTS 1 MAXEXTENTS 2147483645
  PCTINCREASE 0 FREELISTS 1 FREELIST GROUPS 1 BUFFER_POOL DEFAULT FLASH_CACHE DEFAULT CELL_FLASH_CACHE DEFAULT)
  TABLESPACE "USERS" ;
--------------------------------------------------------
--  DDL for Table NEWSPICTURE
--------------------------------------------------------

  CREATE TABLE "SCOTT"."NEWSPICTURE" 
   (	"ALBUMID" NUMBER, 
	"PICTUREID" NUMBER, 
	"PICTUREDESC" VARCHAR2(1000 BYTE), 
	"PICTURENAME" VARCHAR2(200 BYTE), 
	"PICTURENUM" NUMBER
   ) SEGMENT CREATION IMMEDIATE 
  PCTFREE 10 PCTUSED 40 INITRANS 1 MAXTRANS 255 NOCOMPRESS LOGGING
  STORAGE(INITIAL 65536 NEXT 1048576 MINEXTENTS 1 MAXEXTENTS 2147483645
  PCTINCREASE 0 FREELISTS 1 FREELIST GROUPS 1 BUFFER_POOL DEFAULT FLASH_CACHE DEFAULT CELL_FLASH_CACHE DEFAULT)
  TABLESPACE "USERS" ;
--------------------------------------------------------
--  DDL for Table NEWSTYPE
--------------------------------------------------------

  CREATE TABLE "SCOTT"."NEWSTYPE" 
   (	"TYPEID" NUMBER, 
	"NEWSTYPE" VARCHAR2(50 BYTE)
   ) SEGMENT CREATION IMMEDIATE 
  PCTFREE 10 PCTUSED 40 INITRANS 1 MAXTRANS 255 NOCOMPRESS LOGGING
  STORAGE(INITIAL 65536 NEXT 1048576 MINEXTENTS 1 MAXEXTENTS 2147483645
  PCTINCREASE 0 FREELISTS 1 FREELIST GROUPS 1 BUFFER_POOL DEFAULT FLASH_CACHE DEFAULT CELL_FLASH_CACHE DEFAULT)
  TABLESPACE "USERS" ;
--------------------------------------------------------
--  DDL for Table PICTURE
--------------------------------------------------------

  CREATE TABLE "SCOTT"."PICTURE" 
   (	"ALBUMID" NUMBER, 
	"PICTUREID" NUMBER, 
	"PICTUREDESC" VARCHAR2(1000 BYTE), 
	"PICTURENAME" VARCHAR2(200 BYTE), 
	"UPLOADTIME" VARCHAR2(30 BYTE)
   ) SEGMENT CREATION IMMEDIATE 
  PCTFREE 10 PCTUSED 40 INITRANS 1 MAXTRANS 255 NOCOMPRESS LOGGING
  STORAGE(INITIAL 65536 NEXT 1048576 MINEXTENTS 1 MAXEXTENTS 2147483645
  PCTINCREASE 0 FREELISTS 1 FREELIST GROUPS 1 BUFFER_POOL DEFAULT FLASH_CACHE DEFAULT CELL_FLASH_CACHE DEFAULT)
  TABLESPACE "USERS" ;
--------------------------------------------------------
--  DDL for Table PPT
--------------------------------------------------------

  CREATE TABLE "SCOTT"."PPT" 
   (	"PPTID" NUMBER, 
	"ADDRESS" VARCHAR2(200 BYTE), 
	"PPT_DESC" VARCHAR2(20 BYTE)
   ) SEGMENT CREATION IMMEDIATE 
  PCTFREE 10 PCTUSED 40 INITRANS 1 MAXTRANS 255 NOCOMPRESS LOGGING
  STORAGE(INITIAL 65536 NEXT 1048576 MINEXTENTS 1 MAXEXTENTS 2147483645
  PCTINCREASE 0 FREELISTS 1 FREELIST GROUPS 1 BUFFER_POOL DEFAULT FLASH_CACHE DEFAULT CELL_FLASH_CACHE DEFAULT)
  TABLESPACE "USERS" ;
REM INSERTING into SCOTT.ADMINUSER
SET DEFINE OFF;
Insert into SCOTT.ADMINUSER (USERID,USERNAME,PASSWORD,USERTYPE,REGISTERTIME,LASTLOGIN) values (1,'ruiteng','123456',1,'2017-9-16 19：19：20','2017-09-22 21:10:47');
Insert into SCOTT.ADMINUSER (USERID,USERNAME,PASSWORD,USERTYPE,REGISTERTIME,LASTLOGIN) values (42,'p','p',0,'2017-09-19 11:03:26',null);
Insert into SCOTT.ADMINUSER (USERID,USERNAME,PASSWORD,USERTYPE,REGISTERTIME,LASTLOGIN) values (30,'c','c',0,'2017-09-18 23:52:32',null);
Insert into SCOTT.ADMINUSER (USERID,USERNAME,PASSWORD,USERTYPE,REGISTERTIME,LASTLOGIN) values (31,'e','e',0,'2017-09-18 23:52:35',null);
Insert into SCOTT.ADMINUSER (USERID,USERNAME,PASSWORD,USERTYPE,REGISTERTIME,LASTLOGIN) values (34,'h','h',0,'2017-09-18 23:58:07',null);
Insert into SCOTT.ADMINUSER (USERID,USERNAME,PASSWORD,USERTYPE,REGISTERTIME,LASTLOGIN) values (35,'j','j',0,'2017-09-18 23:58:14',null);
Insert into SCOTT.ADMINUSER (USERID,USERNAME,PASSWORD,USERTYPE,REGISTERTIME,LASTLOGIN) values (36,'k','k',0,'2017-09-18 23:58:18',null);
Insert into SCOTT.ADMINUSER (USERID,USERNAME,PASSWORD,USERTYPE,REGISTERTIME,LASTLOGIN) values (37,'q','q',0,'2017-09-18 23:58:30',null);
Insert into SCOTT.ADMINUSER (USERID,USERNAME,PASSWORD,USERTYPE,REGISTERTIME,LASTLOGIN) values (38,'w','w',0,'2017-09-18 23:58:38',null);
Insert into SCOTT.ADMINUSER (USERID,USERNAME,PASSWORD,USERTYPE,REGISTERTIME,LASTLOGIN) values (39,'r','r',0,'2017-09-18 23:58:47',null);
Insert into SCOTT.ADMINUSER (USERID,USERNAME,PASSWORD,USERTYPE,REGISTERTIME,LASTLOGIN) values (5,'admin','admin',1,'2017-09-17 12:36:04','2017-09-17 20:44:47');
REM INSERTING into SCOTT.ALBUM
SET DEFINE OFF;
Insert into SCOTT.ALBUM (ALBUMID,ALBUMTYPEID,ALBUMNAME,ALBUMDESC,ALBUMTIME,USERID,ALBUMCOVER) values (41,2,'中秋',null,'2017-09-22 19:31:29',1,'../upload/15060838943761.jpg');
Insert into SCOTT.ALBUM (ALBUMID,ALBUMTYPEID,ALBUMNAME,ALBUMDESC,ALBUMTIME,USERID,ALBUMCOVER) values (42,21,'test','test','2017-09-22 19:35:56',1,'../upload/15060801796210.jpg');
Insert into SCOTT.ALBUM (ALBUMID,ALBUMTYPEID,ALBUMNAME,ALBUMDESC,ALBUMTIME,USERID,ALBUMCOVER) values (2,2,'农场风光','ddd','2017-09-21 11:18:38',1,'../upload/15060845657010.jpg');
REM INSERTING into SCOTT.ALBUMTYPE
SET DEFINE OFF;
Insert into SCOTT.ALBUMTYPE (ALBUMTYPEID,ALBUMTYPE) values (2,'农场风光');
Insert into SCOTT.ALBUMTYPE (ALBUMTYPEID,ALBUMTYPE) values (21,'相册展示');
REM INSERTING into SCOTT.NEWS
SET DEFINE OFF;
Insert into SCOTT.NEWS (NEWSID,NEWSTITLE,NEWSTYPE,NEWSTIME,CHARGE,CLICKNUMBER,ALBUMID,NEWSTEXT) values (1506083897419,'ddddddd',1,'2017-09-22 20:38:33',1,1,1506083897419,'dddddd<img1>');
Insert into SCOTT.NEWS (NEWSID,NEWSTITLE,NEWSTYPE,NEWSTIME,CHARGE,CLICKNUMBER,ALBUMID,NEWSTEXT) values (1506075368055,'共享医院',1,'2017-09-22 18:35:03',1,6,1506075368055,'近日，Medical Mall引起了人们对共享医疗话题的热议。浙江省卫计委批复了杭州江干全程国际Medical Mall的医疗资源共享模式，这意味着，聚集在Medical Mall内的多家诊所不仅可以共享商场的客流，还可以共享检验、病理、超声、医学影像、药房、手术室等医疗资源。
　　其实，专科门诊在商圈内布局已不是新鲜事，但大批医疗机构集聚在商业中心仍鲜少。
　　尽管可以实现品牌集聚和资源共享，但要在全国推广这种新业态并非易事。Medical Mall的发展需要支付方的强力推动，同时，中高端客户群体和诊所资源也是限制Medical Mall在全国发展的主要因素。<img1>
      标准普尔公司星期四将中国主权信用评级从AA-下调至A+，展望则从负面调整至稳定。至此标准普尔与穆迪和惠誉国际对中国主权信用的评级形成了一致。后两个公司分别在今年5月和2013年下调了对中国的评级。
　　主权信用评级原本是非常专业的金融评估，其指数可成为其他机构在国别间投融资的指南，但是进入互联网时代后，这种评级被舆论场放大了影响，产生了一些边际理解。尤其是中国这样备受全球瞩目的国家，主权信用评级被一些人当成中国“行”还是“不行”的象征。<a color=''red'' href=''http://baidu.com''>百度</a>');
Insert into SCOTT.NEWS (NEWSID,NEWSTITLE,NEWSTYPE,NEWSTIME,CHARGE,CLICKNUMBER,ALBUMID,NEWSTEXT) values (1506079334719,'11',1,'2017-09-22 19:22:14',1,12,null,'11');
Insert into SCOTT.NEWS (NEWSID,NEWSTITLE,NEWSTYPE,NEWSTIME,CHARGE,CLICKNUMBER,ALBUMID,NEWSTEXT) values (1506086582243,'ddd',1,'2017-09-22 21:23:02',1,1,null,'ddddddddddd<a color=''red'' href=''dd''>dd</a>');
REM INSERTING into SCOTT.NEWSALBUM
SET DEFINE OFF;
Insert into SCOTT.NEWSALBUM (ALBUMID,ALBUMNAME,ALBUMDESC,ALBUMTIME,USERID,NEWSID) values (1506083701352,null,null,'2017-09-22 20:35:30',1,1506083701352);
Insert into SCOTT.NEWSALBUM (ALBUMID,ALBUMNAME,ALBUMDESC,ALBUMTIME,USERID,NEWSID) values (1506083897419,null,null,'2017-09-22 20:38:29',1,1506083897419);
Insert into SCOTT.NEWSALBUM (ALBUMID,ALBUMNAME,ALBUMDESC,ALBUMTIME,USERID,NEWSID) values (1506075033195,null,null,'2017-09-22 18:11:39',1,1506075033195);
Insert into SCOTT.NEWSALBUM (ALBUMID,ALBUMNAME,ALBUMDESC,ALBUMTIME,USERID,NEWSID) values (1506075133584,null,null,'2017-09-22 18:12:21',1,1506075133584);
Insert into SCOTT.NEWSALBUM (ALBUMID,ALBUMNAME,ALBUMDESC,ALBUMTIME,USERID,NEWSID) values (1506075368055,null,null,'2017-09-22 18:33:55',1,1506075368055);
Insert into SCOTT.NEWSALBUM (ALBUMID,ALBUMNAME,ALBUMDESC,ALBUMTIME,USERID,NEWSID) values (1506086552636,null,null,'2017-09-22 21:22:45',1,1506086552636);
REM INSERTING into SCOTT.NEWSPICTURE
SET DEFINE OFF;
Insert into SCOTT.NEWSPICTURE (ALBUMID,PICTUREID,PICTUREDESC,PICTURENAME,PICTURENUM) values (1506083701352,56,null,'../upload/1506083736875.jpg',3);
Insert into SCOTT.NEWSPICTURE (ALBUMID,PICTUREID,PICTUREDESC,PICTURENAME,PICTURENUM) values (1506083897419,57,null,'../upload/1506083909573.jpg',2);
Insert into SCOTT.NEWSPICTURE (ALBUMID,PICTUREID,PICTUREDESC,PICTURENAME,PICTURENUM) values (1506083701352,55,null,'../upload/1506083730634.jpg',2);
Insert into SCOTT.NEWSPICTURE (ALBUMID,PICTUREID,PICTUREDESC,PICTURENAME,PICTURENUM) values (1506075133584,53,null,'../upload/1506075141743.jpg',2);
Insert into SCOTT.NEWSPICTURE (ALBUMID,PICTUREID,PICTUREDESC,PICTURENAME,PICTURENUM) values (1506075033195,51,null,'../upload/1506075099591.jpg',2);
Insert into SCOTT.NEWSPICTURE (ALBUMID,PICTUREID,PICTUREDESC,PICTURENAME,PICTURENUM) values (1506075368055,54,null,'../upload/1506076435077.jpg',2);
Insert into SCOTT.NEWSPICTURE (ALBUMID,PICTUREID,PICTUREDESC,PICTURENAME,PICTURENUM) values (1506075033195,52,null,'../upload/1506075108702.jpg',3);
Insert into SCOTT.NEWSPICTURE (ALBUMID,PICTUREID,PICTUREDESC,PICTURENAME,PICTURENUM) values (1506086552636,58,null,'../upload/1506086565967.jpg',2);
REM INSERTING into SCOTT.NEWSTYPE
SET DEFINE OFF;
Insert into SCOTT.NEWSTYPE (TYPEID,NEWSTYPE) values (1,'农场日常活动');
REM INSERTING into SCOTT.PICTURE
SET DEFINE OFF;
Insert into SCOTT.PICTURE (ALBUMID,PICTUREID,PICTUREDESC,PICTURENAME,UPLOADTIME) values (41,51,null,'../upload/15060838943760.jpg','2017-09-22 20:38:14');
Insert into SCOTT.PICTURE (ALBUMID,PICTUREID,PICTUREDESC,PICTURENAME,UPLOADTIME) values (41,52,null,'../upload/15060838943761.jpg','2017-09-22 20:38:14');
Insert into SCOTT.PICTURE (ALBUMID,PICTUREID,PICTUREDESC,PICTURENAME,UPLOADTIME) values (2,42,null,'../upload/15060789155890.jpg','2017-09-22 19:15:15');
Insert into SCOTT.PICTURE (ALBUMID,PICTUREID,PICTUREDESC,PICTURENAME,UPLOADTIME) values (2,43,null,'../upload/15060789156051.jpg','2017-09-22 19:15:15');
Insert into SCOTT.PICTURE (ALBUMID,PICTUREID,PICTUREDESC,PICTURENAME,UPLOADTIME) values (2,44,null,'../upload/15060789156052.jpg','2017-09-22 19:15:15');
Insert into SCOTT.PICTURE (ALBUMID,PICTUREID,PICTUREDESC,PICTURENAME,UPLOADTIME) values (2,45,null,'../upload/15060789156053.jpg','2017-09-22 19:15:15');
Insert into SCOTT.PICTURE (ALBUMID,PICTUREID,PICTUREDESC,PICTURENAME,UPLOADTIME) values (21,46,null,'../upload/15060795495800.jpg','2017-09-22 19:25:49');
Insert into SCOTT.PICTURE (ALBUMID,PICTUREID,PICTUREDESC,PICTURENAME,UPLOADTIME) values (21,47,null,'../upload/15060795495951.jpg','2017-09-22 19:25:49');
Insert into SCOTT.PICTURE (ALBUMID,PICTUREID,PICTUREDESC,PICTURENAME,UPLOADTIME) values (41,48,null,'../upload/15060799018910.jpg','2017-09-22 19:31:41');
Insert into SCOTT.PICTURE (ALBUMID,PICTUREID,PICTUREDESC,PICTURENAME,UPLOADTIME) values (41,49,null,'../upload/15060799018911.jpg','2017-09-22 19:31:41');
Insert into SCOTT.PICTURE (ALBUMID,PICTUREID,PICTUREDESC,PICTURENAME,UPLOADTIME) values (42,50,'语言','../upload/15060801796210.jpg','2017-09-22 19:36:19');
Insert into SCOTT.PICTURE (ALBUMID,PICTUREID,PICTUREDESC,PICTURENAME,UPLOADTIME) values (2,53,'dddddddddddddddddd','../upload/15060845657010.jpg','2017-09-22 20:49:25');
REM INSERTING into SCOTT.PPT
SET DEFINE OFF;
Insert into SCOTT.PPT (PPTID,ADDRESS,PPT_DESC) values (43,'../upload/1505999106542.jpg',null);
Insert into SCOTT.PPT (PPTID,ADDRESS,PPT_DESC) values (42,'../upload/1505999097085.jpg',null);
--------------------------------------------------------
--  DDL for Index SYS_C0011894
--------------------------------------------------------

  CREATE UNIQUE INDEX "SCOTT"."SYS_C0011894" ON "SCOTT"."ADMINUSER" ("USERID") 
  PCTFREE 10 INITRANS 2 MAXTRANS 255 COMPUTE STATISTICS 
  STORAGE(INITIAL 65536 NEXT 1048576 MINEXTENTS 1 MAXEXTENTS 2147483645
  PCTINCREASE 0 FREELISTS 1 FREELIST GROUPS 1 BUFFER_POOL DEFAULT FLASH_CACHE DEFAULT CELL_FLASH_CACHE DEFAULT)
  TABLESPACE "USERS" ;
--------------------------------------------------------
--  DDL for Index SYS_C0011895
--------------------------------------------------------

  CREATE UNIQUE INDEX "SCOTT"."SYS_C0011895" ON "SCOTT"."ADMINUSER" ("USERNAME") 
  PCTFREE 10 INITRANS 2 MAXTRANS 255 COMPUTE STATISTICS 
  STORAGE(INITIAL 65536 NEXT 1048576 MINEXTENTS 1 MAXEXTENTS 2147483645
  PCTINCREASE 0 FREELISTS 1 FREELIST GROUPS 1 BUFFER_POOL DEFAULT FLASH_CACHE DEFAULT CELL_FLASH_CACHE DEFAULT)
  TABLESPACE "USERS" ;
--------------------------------------------------------
--  DDL for Index SYS_C0011915
--------------------------------------------------------

  CREATE UNIQUE INDEX "SCOTT"."SYS_C0011915" ON "SCOTT"."ALBUM" ("ALBUMID") 
  PCTFREE 10 INITRANS 2 MAXTRANS 255 COMPUTE STATISTICS 
  STORAGE(INITIAL 65536 NEXT 1048576 MINEXTENTS 1 MAXEXTENTS 2147483645
  PCTINCREASE 0 FREELISTS 1 FREELIST GROUPS 1 BUFFER_POOL DEFAULT FLASH_CACHE DEFAULT CELL_FLASH_CACHE DEFAULT)
  TABLESPACE "USERS" ;
--------------------------------------------------------
--  DDL for Index SYS_C0011913
--------------------------------------------------------

  CREATE UNIQUE INDEX "SCOTT"."SYS_C0011913" ON "SCOTT"."ALBUMTYPE" ("ALBUMTYPEID") 
  PCTFREE 10 INITRANS 2 MAXTRANS 255 COMPUTE STATISTICS 
  STORAGE(INITIAL 65536 NEXT 1048576 MINEXTENTS 1 MAXEXTENTS 2147483645
  PCTINCREASE 0 FREELISTS 1 FREELIST GROUPS 1 BUFFER_POOL DEFAULT FLASH_CACHE DEFAULT CELL_FLASH_CACHE DEFAULT)
  TABLESPACE "USERS" ;
--------------------------------------------------------
--  DDL for Index SYS_C0011908
--------------------------------------------------------

  CREATE UNIQUE INDEX "SCOTT"."SYS_C0011908" ON "SCOTT"."NEWS" ("NEWSID") 
  PCTFREE 10 INITRANS 2 MAXTRANS 255 COMPUTE STATISTICS 
  STORAGE(INITIAL 65536 NEXT 1048576 MINEXTENTS 1 MAXEXTENTS 2147483645
  PCTINCREASE 0 FREELISTS 1 FREELIST GROUPS 1 BUFFER_POOL DEFAULT FLASH_CACHE DEFAULT CELL_FLASH_CACHE DEFAULT)
  TABLESPACE "USERS" ;
--------------------------------------------------------
--  DDL for Index SYS_C0011899
--------------------------------------------------------

  CREATE UNIQUE INDEX "SCOTT"."SYS_C0011899" ON "SCOTT"."NEWSALBUM" ("ALBUMID") 
  PCTFREE 10 INITRANS 2 MAXTRANS 255 COMPUTE STATISTICS 
  STORAGE(INITIAL 65536 NEXT 1048576 MINEXTENTS 1 MAXEXTENTS 2147483645
  PCTINCREASE 0 FREELISTS 1 FREELIST GROUPS 1 BUFFER_POOL DEFAULT FLASH_CACHE DEFAULT CELL_FLASH_CACHE DEFAULT)
  TABLESPACE "USERS" ;
--------------------------------------------------------
--  DDL for Index SYS_C0011903
--------------------------------------------------------

  CREATE UNIQUE INDEX "SCOTT"."SYS_C0011903" ON "SCOTT"."NEWSPICTURE" ("PICTUREID") 
  PCTFREE 10 INITRANS 2 MAXTRANS 255 COMPUTE STATISTICS 
  STORAGE(INITIAL 65536 NEXT 1048576 MINEXTENTS 1 MAXEXTENTS 2147483645
  PCTINCREASE 0 FREELISTS 1 FREELIST GROUPS 1 BUFFER_POOL DEFAULT FLASH_CACHE DEFAULT CELL_FLASH_CACHE DEFAULT)
  TABLESPACE "USERS" ;
--------------------------------------------------------
--  DDL for Index SYS_C0011897
--------------------------------------------------------

  CREATE UNIQUE INDEX "SCOTT"."SYS_C0011897" ON "SCOTT"."NEWSTYPE" ("TYPEID") 
  PCTFREE 10 INITRANS 2 MAXTRANS 255 COMPUTE STATISTICS 
  STORAGE(INITIAL 65536 NEXT 1048576 MINEXTENTS 1 MAXEXTENTS 2147483645
  PCTINCREASE 0 FREELISTS 1 FREELIST GROUPS 1 BUFFER_POOL DEFAULT FLASH_CACHE DEFAULT CELL_FLASH_CACHE DEFAULT)
  TABLESPACE "USERS" ;
--------------------------------------------------------
--  DDL for Index SYS_C0011920
--------------------------------------------------------

  CREATE UNIQUE INDEX "SCOTT"."SYS_C0011920" ON "SCOTT"."PICTURE" ("PICTUREID") 
  PCTFREE 10 INITRANS 2 MAXTRANS 255 COMPUTE STATISTICS 
  STORAGE(INITIAL 65536 NEXT 1048576 MINEXTENTS 1 MAXEXTENTS 2147483645
  PCTINCREASE 0 FREELISTS 1 FREELIST GROUPS 1 BUFFER_POOL DEFAULT FLASH_CACHE DEFAULT CELL_FLASH_CACHE DEFAULT)
  TABLESPACE "USERS" ;
--------------------------------------------------------
--  DDL for Index SYS_C0011922
--------------------------------------------------------

  CREATE UNIQUE INDEX "SCOTT"."SYS_C0011922" ON "SCOTT"."PPT" ("PPTID") 
  PCTFREE 10 INITRANS 2 MAXTRANS 255 COMPUTE STATISTICS 
  STORAGE(INITIAL 65536 NEXT 1048576 MINEXTENTS 1 MAXEXTENTS 2147483645
  PCTINCREASE 0 FREELISTS 1 FREELIST GROUPS 1 BUFFER_POOL DEFAULT FLASH_CACHE DEFAULT CELL_FLASH_CACHE DEFAULT)
  TABLESPACE "USERS" ;
--------------------------------------------------------
--  Constraints for Table ADMINUSER
--------------------------------------------------------

  ALTER TABLE "SCOTT"."ADMINUSER" MODIFY ("PASSWORD" NOT NULL ENABLE);
 
  ALTER TABLE "SCOTT"."ADMINUSER" MODIFY ("USERTYPE" NOT NULL ENABLE);
 
  ALTER TABLE "SCOTT"."ADMINUSER" MODIFY ("REGISTERTIME" NOT NULL ENABLE);
 
  ALTER TABLE "SCOTT"."ADMINUSER" ADD PRIMARY KEY ("USERID")
  USING INDEX PCTFREE 10 INITRANS 2 MAXTRANS 255 COMPUTE STATISTICS 
  STORAGE(INITIAL 65536 NEXT 1048576 MINEXTENTS 1 MAXEXTENTS 2147483645
  PCTINCREASE 0 FREELISTS 1 FREELIST GROUPS 1 BUFFER_POOL DEFAULT FLASH_CACHE DEFAULT CELL_FLASH_CACHE DEFAULT)
  TABLESPACE "USERS"  ENABLE;
 
  ALTER TABLE "SCOTT"."ADMINUSER" ADD UNIQUE ("USERNAME")
  USING INDEX PCTFREE 10 INITRANS 2 MAXTRANS 255 COMPUTE STATISTICS 
  STORAGE(INITIAL 65536 NEXT 1048576 MINEXTENTS 1 MAXEXTENTS 2147483645
  PCTINCREASE 0 FREELISTS 1 FREELIST GROUPS 1 BUFFER_POOL DEFAULT FLASH_CACHE DEFAULT CELL_FLASH_CACHE DEFAULT)
  TABLESPACE "USERS"  ENABLE;
--------------------------------------------------------
--  Constraints for Table ALBUM
--------------------------------------------------------

  ALTER TABLE "SCOTT"."ALBUM" MODIFY ("ALBUMTIME" NOT NULL ENABLE);
 
  ALTER TABLE "SCOTT"."ALBUM" ADD PRIMARY KEY ("ALBUMID")
  USING INDEX PCTFREE 10 INITRANS 2 MAXTRANS 255 COMPUTE STATISTICS 
  STORAGE(INITIAL 65536 NEXT 1048576 MINEXTENTS 1 MAXEXTENTS 2147483645
  PCTINCREASE 0 FREELISTS 1 FREELIST GROUPS 1 BUFFER_POOL DEFAULT FLASH_CACHE DEFAULT CELL_FLASH_CACHE DEFAULT)
  TABLESPACE "USERS"  ENABLE;
--------------------------------------------------------
--  Constraints for Table ALBUMTYPE
--------------------------------------------------------

  ALTER TABLE "SCOTT"."ALBUMTYPE" MODIFY ("ALBUMTYPE" NOT NULL ENABLE);
 
  ALTER TABLE "SCOTT"."ALBUMTYPE" ADD PRIMARY KEY ("ALBUMTYPEID")
  USING INDEX PCTFREE 10 INITRANS 2 MAXTRANS 255 COMPUTE STATISTICS 
  STORAGE(INITIAL 65536 NEXT 1048576 MINEXTENTS 1 MAXEXTENTS 2147483645
  PCTINCREASE 0 FREELISTS 1 FREELIST GROUPS 1 BUFFER_POOL DEFAULT FLASH_CACHE DEFAULT CELL_FLASH_CACHE DEFAULT)
  TABLESPACE "USERS"  ENABLE;
--------------------------------------------------------
--  Constraints for Table NEWS
--------------------------------------------------------

  ALTER TABLE "SCOTT"."NEWS" MODIFY ("NEWSTITLE" NOT NULL ENABLE);
 
  ALTER TABLE "SCOTT"."NEWS" MODIFY ("NEWSTIME" NOT NULL ENABLE);
 
  ALTER TABLE "SCOTT"."NEWS" MODIFY ("CLICKNUMBER" NOT NULL ENABLE);
 
  ALTER TABLE "SCOTT"."NEWS" MODIFY ("NEWSTEXT" NOT NULL ENABLE);
 
  ALTER TABLE "SCOTT"."NEWS" ADD PRIMARY KEY ("NEWSID")
  USING INDEX PCTFREE 10 INITRANS 2 MAXTRANS 255 COMPUTE STATISTICS 
  STORAGE(INITIAL 65536 NEXT 1048576 MINEXTENTS 1 MAXEXTENTS 2147483645
  PCTINCREASE 0 FREELISTS 1 FREELIST GROUPS 1 BUFFER_POOL DEFAULT FLASH_CACHE DEFAULT CELL_FLASH_CACHE DEFAULT)
  TABLESPACE "USERS"  ENABLE;
--------------------------------------------------------
--  Constraints for Table NEWSALBUM
--------------------------------------------------------

  ALTER TABLE "SCOTT"."NEWSALBUM" MODIFY ("ALBUMTIME" NOT NULL ENABLE);
 
  ALTER TABLE "SCOTT"."NEWSALBUM" ADD PRIMARY KEY ("ALBUMID")
  USING INDEX PCTFREE 10 INITRANS 2 MAXTRANS 255 COMPUTE STATISTICS 
  STORAGE(INITIAL 65536 NEXT 1048576 MINEXTENTS 1 MAXEXTENTS 2147483645
  PCTINCREASE 0 FREELISTS 1 FREELIST GROUPS 1 BUFFER_POOL DEFAULT FLASH_CACHE DEFAULT CELL_FLASH_CACHE DEFAULT)
  TABLESPACE "USERS"  ENABLE;
 
  ALTER TABLE "SCOTT"."NEWSALBUM" MODIFY ("NEWSID" NOT NULL ENABLE);
--------------------------------------------------------
--  Constraints for Table NEWSPICTURE
--------------------------------------------------------

  ALTER TABLE "SCOTT"."NEWSPICTURE" MODIFY ("ALBUMID" NOT NULL ENABLE);
 
  ALTER TABLE "SCOTT"."NEWSPICTURE" MODIFY ("PICTURENAME" NOT NULL ENABLE);
 
  ALTER TABLE "SCOTT"."NEWSPICTURE" ADD PRIMARY KEY ("PICTUREID")
  USING INDEX PCTFREE 10 INITRANS 2 MAXTRANS 255 COMPUTE STATISTICS 
  STORAGE(INITIAL 65536 NEXT 1048576 MINEXTENTS 1 MAXEXTENTS 2147483645
  PCTINCREASE 0 FREELISTS 1 FREELIST GROUPS 1 BUFFER_POOL DEFAULT FLASH_CACHE DEFAULT CELL_FLASH_CACHE DEFAULT)
  TABLESPACE "USERS"  ENABLE;
--------------------------------------------------------
--  Constraints for Table NEWSTYPE
--------------------------------------------------------

  ALTER TABLE "SCOTT"."NEWSTYPE" MODIFY ("NEWSTYPE" NOT NULL ENABLE);
 
  ALTER TABLE "SCOTT"."NEWSTYPE" ADD PRIMARY KEY ("TYPEID")
  USING INDEX PCTFREE 10 INITRANS 2 MAXTRANS 255 COMPUTE STATISTICS 
  STORAGE(INITIAL 65536 NEXT 1048576 MINEXTENTS 1 MAXEXTENTS 2147483645
  PCTINCREASE 0 FREELISTS 1 FREELIST GROUPS 1 BUFFER_POOL DEFAULT FLASH_CACHE DEFAULT CELL_FLASH_CACHE DEFAULT)
  TABLESPACE "USERS"  ENABLE;
--------------------------------------------------------
--  Constraints for Table PICTURE
--------------------------------------------------------

  ALTER TABLE "SCOTT"."PICTURE" MODIFY ("ALBUMID" NOT NULL ENABLE);
 
  ALTER TABLE "SCOTT"."PICTURE" MODIFY ("PICTURENAME" NOT NULL ENABLE);
 
  ALTER TABLE "SCOTT"."PICTURE" ADD PRIMARY KEY ("PICTUREID")
  USING INDEX PCTFREE 10 INITRANS 2 MAXTRANS 255 COMPUTE STATISTICS 
  STORAGE(INITIAL 65536 NEXT 1048576 MINEXTENTS 1 MAXEXTENTS 2147483645
  PCTINCREASE 0 FREELISTS 1 FREELIST GROUPS 1 BUFFER_POOL DEFAULT FLASH_CACHE DEFAULT CELL_FLASH_CACHE DEFAULT)
  TABLESPACE "USERS"  ENABLE;
 
  ALTER TABLE "SCOTT"."PICTURE" MODIFY ("UPLOADTIME" NOT NULL ENABLE);
--------------------------------------------------------
--  Constraints for Table PPT
--------------------------------------------------------

  ALTER TABLE "SCOTT"."PPT" MODIFY ("ADDRESS" NOT NULL ENABLE);
 
  ALTER TABLE "SCOTT"."PPT" ADD PRIMARY KEY ("PPTID")
  USING INDEX PCTFREE 10 INITRANS 2 MAXTRANS 255 COMPUTE STATISTICS 
  STORAGE(INITIAL 65536 NEXT 1048576 MINEXTENTS 1 MAXEXTENTS 2147483645
  PCTINCREASE 0 FREELISTS 1 FREELIST GROUPS 1 BUFFER_POOL DEFAULT FLASH_CACHE DEFAULT CELL_FLASH_CACHE DEFAULT)
  TABLESPACE "USERS"  ENABLE;
